"Emissions to air on Dutch territory; road traffic"
"";"Subjects";"Emissions";"Emissions";"Emissions"
"";"Subjects";"CO2 emission";"N2O emission";"CH4 emission"
"";"Subjects";"Total";"Total";"Total"
"Sources";"Periods";"mln kgs";"mln kgs";"mln kgs"
"Road traffic, total";"1980";"19980";"0.53";"9.91"
"Road traffic, total";"1985";"20901";"0.58";"8.68"
"Road traffic, total";"1990";"23978";"0.31";"7.61"
"Road traffic, total";"1991";"24104";"0.41";"6.44"
"Road traffic, total";"1992";"25274";"0.53";"6.13"
"Road traffic, total";"1993";"25212";"0.61";"5.61"
"Road traffic, total";"1994";"25580";"0.70";"5.27"
"Road traffic, total";"1995";"25568";"0.76";"4.99"
"Road traffic, total";"1996";"25834";"0.79";"4.74"
"Road traffic, total";"1997";"26336";"0.81";"4.45"
"Road traffic, total";"1998";"26996";"0.82";"4.18"
"Road traffic, total";"1999";"28302";"0.84";"3.94"
"Road traffic, total";"2000";"28293";"0.87";"3.58"
"Road traffic, total";"2001";"28584";"0.86";"3.43"
"Road traffic, total";"2002";"28931";"0.84";"3.34"
"Road traffic, total";"2003";"29259";"0.82";"3.24"
"Road traffic, total";"2004";"29898";"0.81";"3.12"
"Road traffic, total";"2005";"29910";"0.77";"3.00"
"Road traffic, total";"2006";"29930";"0.74";"2.90"
"Road traffic, total";"2007";"30116";"0.75";"2.93"
"Road traffic, total";"2008";"30117";"0.76";"2.87"
"Road traffic, total";"2009";"29752";"0.76";"2.76"
"Road traffic, total";"2010";"29958";"0.76";"2.68"
"Road traffic, total";"2011";"29736";"0.76";"2.59"
"Road traffic, total";"2012";"29314";"0.75";"2.49"
"Road traffic, total";"2013";"28706";"0.75";"2.44"
"Road traffic, total";"2014";"28588";"0.73";"2.36"
"Road traffic, total";"2015";"28564";"0.75";"2.31"
"Road traffic, total";"2016";"29705";"0.76";"2.32"
"Road traffic, total";"2017*";"30297";"0.78";"2.33"
"Passenger cars";"1980";"13134";"0.31";"7.21"
"Passenger cars";"1985";"13996";"0.34";"6.59"
"Passenger cars";"1990";"15548";"0.24";"5.26"
"Passenger cars";"1991";"15429";"0.32";"4.40"
"Passenger cars";"1992";"16120";"0.43";"4.12"
"Passenger cars";"1993";"15917";"0.49";"3.67"
"Passenger cars";"1994";"16344";"0.57";"3.40"
"Passenger cars";"1995";"16161";"0.63";"3.21"
"Passenger cars";"1996";"16418";"0.65";"3.04"
"Passenger cars";"1997";"16714";"0.66";"2.79"
"Passenger cars";"1998";"17076";"0.66";"2.57"
"Passenger cars";"1999";"17712";"0.66";"2.43"
"Passenger cars";"2000";"17820";"0.69";"2.21"
"Passenger cars";"2001";"17999";"0.68";"2.17"
"Passenger cars";"2002";"18302";"0.67";"2.16"
"Passenger cars";"2003";"18566";"0.65";"2.15"
"Passenger cars";"2004";"19042";"0.64";"2.14"
"Passenger cars";"2005";"18942";"0.60";"2.06"
"Passenger cars";"2006";"18981";"0.57";"2.01"
"Passenger cars";"2007";"18987";"0.54";"2.01"
"Passenger cars";"2008";"18737";"0.52";"1.99"
"Passenger cars";"2009";"18538";"0.49";"1.93"
"Passenger cars";"2010";"18680";"0.46";"1.89"
"Passenger cars";"2011";"18681";"0.43";"1.85"
"Passenger cars";"2012";"18524";"0.39";"1.79"
"Passenger cars";"2013";"18354";"0.39";"1.77"
"Passenger cars";"2014";"18300";"0.35";"1.73"
"Passenger cars";"2015";"18069";"0.35";"1.70"
"Passenger cars";"2016";"18714";"0.33";"1.72"
"Passenger cars";"2017*";"19058";"0.34";"1.75"
"Motorcycles";"1980";"130";"0.00";"0.25"
"Motorcycles";"1985";"104";"0.00";"0.19"
"Motorcycles";"1990";"97";"0.00";"0.08"
"Motorcycles";"1991";"114";"0.00";"0.09"
"Motorcycles";"1992";"137";"0.00";"0.11"
"Motorcycles";"1993";"156";"0.00";"0.12"
"Motorcycles";"1994";"168";"0.00";"0.13"
"Motorcycles";"1995";"178";"0.00";"0.14"
"Motorcycles";"1996";"197";"0.00";"0.15"
"Motorcycles";"1997";"206";"0.00";"0.16"
"Motorcycles";"1998";"214";"0.00";"0.17"
"Motorcycles";"1999";"224";"0.00";"0.17"
"Motorcycles";"2000";"235";"0.00";"0.17"
"Motorcycles";"2001";"245";"0.00";"0.17"
"Motorcycles";"2002";"260";"0.00";"0.18"
"Motorcycles";"2003";"269";"0.00";"0.19"
"Motorcycles";"2004";"276";"0.00";"0.19"
"Motorcycles";"2005";"281";"0.00";"0.20"
"Motorcycles";"2006";"285";"0.00";"0.19"
"Motorcycles";"2007";"290";"0.01";"0.19"
"Motorcycles";"2008";"296";"0.01";"0.19"
"Motorcycles";"2009";"301";"0.01";"0.19"
"Motorcycles";"2010";"303";"0.01";"0.18"
"Motorcycles";"2011";"303";"0.01";"0.18"
"Motorcycles";"2012";"302";"0.01";"0.17"
"Motorcycles";"2013";"297";"0.01";"0.17"
"Motorcycles";"2014";"292";"0.00";"0.16"
"Motorcycles";"2015";"287";"0.00";"0.16"
"Motorcycles";"2016";"289";"0.00";"0.15"
"Motorcycles";"2017*";"263";"0.00";"0.13"
"Mopeds";"1980";"101";"0.00";"0.58"
"Mopeds";"1985";"90";"0.00";"0.51"
"Mopeds";"1990";"217";"0.00";"1.25"
"Mopeds";"1991";"165";"0.00";"0.96"
"Mopeds";"1992";"163";"0.00";"0.96"
"Mopeds";"1993";"162";"0.00";"0.96"
"Mopeds";"1994";"165";"0.00";"0.98"
"Mopeds";"1995";"163";"0.00";"0.97"
"Mopeds";"1996";"163";"0.00";"0.97"
"Mopeds";"1997";"168";"0.00";"0.99"
"Mopeds";"1998";"170";"0.00";"0.99"
"Mopeds";"1999";"165";"0.00";"0.91"
"Mopeds";"2000";"160";"0.00";"0.83"
"Mopeds";"2001";"156";"0.00";"0.75"
"Mopeds";"2002";"151";"0.00";"0.69"
"Mopeds";"2003";"144";"0.00";"0.62"
"Mopeds";"2004";"127";"0.00";"0.51"
"Mopeds";"2005";"129";"0.00";"0.49"
"Mopeds";"2006";"134";"0.00";"0.46"
"Mopeds";"2007";"166";"0.00";"0.51"
"Mopeds";"2008";"181";"0.00";"0.50"
"Mopeds";"2009";"195";"0.00";"0.47"
"Mopeds";"2010";"207";"0.00";"0.46"
"Mopeds";"2011";"211";"0.00";"0.43"
"Mopeds";"2012";"212";"0.00";"0.41"
"Mopeds";"2013";"212";"0.00";"0.40"
"Mopeds";"2014";"214";"0.00";"0.38"
"Mopeds";"2015";"217";"0.00";"0.37"
"Mopeds";"2016";"220";"0.00";"0.36"
"Mopeds";"2017*";"240";"0.00";"0.37"
"Delivery vans";"1980";"1177";"0.04";"0.69"
"Delivery vans";"1985";"1388";"0.06";"0.54"
"Delivery vans";"1990";"2198";"0.00";"0.48"
"Delivery vans";"1991";"2251";"0.01";"0.45"
"Delivery vans";"1992";"2460";"0.02";"0.42"
"Delivery vans";"1993";"2682";"0.03";"0.38"
"Delivery vans";"1994";"2718";"0.04";"0.32"
"Delivery vans";"1995";"2728";"0.05";"0.26"
"Delivery vans";"1996";"2830";"0.06";"0.22"
"Delivery vans";"1997";"3040";"0.07";"0.18"
"Delivery vans";"1998";"3319";"0.07";"0.16"
"Delivery vans";"1999";"3652";"0.08";"0.14"
"Delivery vans";"2000";"3691";"0.09";"0.14"
"Delivery vans";"2001";"3957";"0.09";"0.14"
"Delivery vans";"2002";"4014";"0.09";"0.13"
"Delivery vans";"2003";"4119";"0.09";"0.12"
"Delivery vans";"2004";"4292";"0.09";"0.11"
"Delivery vans";"2005";"4341";"0.09";"0.10"
"Delivery vans";"2006";"4180";"0.09";"0.09"
"Delivery vans";"2007";"4208";"0.09";"0.09"
"Delivery vans";"2008";"4281";"0.09";"0.08"
"Delivery vans";"2009";"4160";"0.08";"0.07"
"Delivery vans";"2010";"4177";"0.08";"0.06"
"Delivery vans";"2011";"4100";"0.08";"0.06"
"Delivery vans";"2012";"3989";"0.08";"0.05"
"Delivery vans";"2013";"3902";"0.08";"0.05"
"Delivery vans";"2014";"3893";"0.08";"0.04"
"Delivery vans";"2015";"3966";"0.08";"0.04"
"Delivery vans";"2016";"4139";"0.08";"0.05"
"Delivery vans";"2017*";"4290";"0.09";"0.04"
"Lorries";"1980";"2953";"0.10";"0.61"
"Lorries";"1985";"2794";"0.10";"0.35"
"Lorries";"1990";"3020";"0.03";"0.21"
"Lorries";"1991";"3134";"0.04";"0.22"
"Lorries";"1992";"3199";"0.04";"0.22"
"Lorries";"1993";"3044";"0.04";"0.20"
"Lorries";"1994";"2996";"0.04";"0.19"
"Lorries";"1995";"3033";"0.04";"0.17"
"Lorries";"1996";"2871";"0.04";"0.15"
"Lorries";"1997";"2832";"0.04";"0.13"
"Lorries";"1998";"2741";"0.03";"0.11"
"Lorries";"1999";"2838";"0.04";"0.11"
"Lorries";"2000";"2658";"0.03";"0.09"
"Lorries";"2001";"2366";"0.03";"0.08"
"Lorries";"2002";"2223";"0.03";"0.07"
"Lorries";"2003";"2112";"0.03";"0.06"
"Lorries";"2004";"2043";"0.02";"0.06"
"Lorries";"2005";"1977";"0.02";"0.05"
"Lorries";"2006";"1940";"0.02";"0.05"
"Lorries";"2007";"1921";"0.03";"0.05"
"Lorries";"2008";"1896";"0.04";"0.04"
"Lorries";"2009";"1848";"0.04";"0.04"
"Lorries";"2010";"1787";"0.05";"0.03"
"Lorries";"2011";"1687";"0.06";"0.03"
"Lorries";"2012";"1616";"0.06";"0.02"
"Lorries";"2013";"1485";"0.06";"0.02"
"Lorries";"2014";"1440";"0.06";"0.01"
"Lorries";"2015";"1380";"0.06";"0.01"
"Lorries";"2016";"1474";"0.07";"0.01"
"Lorries";"2017*";"1475";"0.07";"0.01"
"Road Tractors";"1980";"1521";"0.04";"0.29"
"Road Tractors";"1985";"1660";"0.05";"0.26"
"Road Tractors";"1990";"2045";"0.02";"0.11"
"Road Tractors";"1991";"2156";"0.03";"0.11"
"Road Tractors";"1992";"2338";"0.03";"0.12"
"Road Tractors";"1993";"2398";"0.03";"0.11"
"Road Tractors";"1994";"2336";"0.03";"0.10"
"Road Tractors";"1995";"2453";"0.03";"0.09"
"Road Tractors";"1996";"2496";"0.04";"0.08"
"Road Tractors";"1997";"2535";"0.04";"0.07"
"Road Tractors";"1998";"2637";"0.04";"0.07"
"Road Tractors";"1999";"2865";"0.04";"0.07"
"Road Tractors";"2000";"2904";"0.04";"0.06"
"Road Tractors";"2001";"3036";"0.04";"0.06"
"Road Tractors";"2002";"3147";"0.04";"0.06"
"Road Tractors";"2003";"3231";"0.04";"0.06"
"Road Tractors";"2004";"3314";"0.04";"0.06"
"Road Tractors";"2005";"3426";"0.04";"0.06"
"Road Tractors";"2006";"3590";"0.04";"0.06"
"Road Tractors";"2007";"3700";"0.07";"0.06"
"Road Tractors";"2008";"3866";"0.09";"0.05"
"Road Tractors";"2009";"3829";"0.12";"0.04"
"Road Tractors";"2010";"3922";"0.14";"0.04"
"Road Tractors";"2011";"3859";"0.16";"0.03"
"Road Tractors";"2012";"3813";"0.18";"0.03"
"Road Tractors";"2013";"3616";"0.19";"0.02"
"Road Tractors";"2014";"3642";"0.21";"0.02"
"Road Tractors";"2015";"3842";"0.22";"0.02"
"Road Tractors";"2016";"4053";"0.24";"0.02"
"Road Tractors";"2017*";"4147";"0.25";"0.02"
"Buses and coaches";"1980";"519";"0.02";"0.15"
"Buses and coaches";"1985";"518";"0.02";"0.15"
"Buses and coaches";"1990";"602";"0.01";"0.21"
"Buses and coaches";"1991";"609";"0.01";"0.18"
"Buses and coaches";"1992";"605";"0.01";"0.17"
"Buses and coaches";"1993";"607";"0.01";"0.15"
"Buses and coaches";"1994";"608";"0.01";"0.14"
"Buses and coaches";"1995";"622";"0.01";"0.13"
"Buses and coaches";"1996";"622";"0.01";"0.12"
"Buses and coaches";"1997";"600";"0.01";"0.11"
"Buses and coaches";"1998";"593";"0.01";"0.10"
"Buses and coaches";"1999";"591";"0.01";"0.10"
"Buses and coaches";"2000";"591";"0.01";"0.07"
"Buses and coaches";"2001";"576";"0.01";"0.06"
"Buses and coaches";"2002";"585";"0.01";"0.05"
"Buses and coaches";"2003";"563";"0.01";"0.05"
"Buses and coaches";"2004";"543";"0.01";"0.04"
"Buses and coaches";"2005";"538";"0.01";"0.03"
"Buses and coaches";"2006";"527";"0.01";"0.02"
"Buses and coaches";"2007";"542";"0.01";"0.02"
"Buses and coaches";"2008";"551";"0.01";"0.02"
"Buses and coaches";"2009";"569";"0.01";"0.01"
"Buses and coaches";"2010";"576";"0.01";"0.01"
"Buses and coaches";"2011";"570";"0.01";"0.01"
"Buses and coaches";"2012";"551";"0.01";"0.01"
"Buses and coaches";"2013";"548";"0.02";"0.01"
"Buses and coaches";"2014";"527";"0.02";"0.01"
"Buses and coaches";"2015";"524";"0.02";"0.01"
"Buses and coaches";"2016";"520";"0.02";"0.01"
"Buses and coaches";"2017*";"527";"0.02";"0.01"
"Special purpose vehicles";"1980";"444";"0.01";"0.14"
"Special purpose vehicles";"1985";"351";"0.01";"0.09"
"Special purpose vehicles";"1990";"251";"0.00";"0.02"
"Special purpose vehicles";"1991";"247";"0.00";"0.02"
"Special purpose vehicles";"1992";"252";"0.00";"0.02"
"Special purpose vehicles";"1993";"245";"0.00";"0.02"
"Special purpose vehicles";"1994";"244";"0.00";"0.01"
"Special purpose vehicles";"1995";"231";"0.00";"0.01"
"Special purpose vehicles";"1996";"236";"0.00";"0.01"
"Special purpose vehicles";"1997";"241";"0.00";"0.01"
"Special purpose vehicles";"1998";"248";"0.00";"0.01"
"Special purpose vehicles";"1999";"255";"0.00";"0.01"
"Special purpose vehicles";"2000";"236";"0.00";"0.01"
"Special purpose vehicles";"2001";"250";"0.00";"0.01"
"Special purpose vehicles";"2002";"250";"0.00";"0.01"
"Special purpose vehicles";"2003";"255";"0.00";"0.01"
"Special purpose vehicles";"2004";"261";"0.00";"0.01"
"Special purpose vehicles";"2005";"276";"0.00";"0.01"
"Special purpose vehicles";"2006";"294";"0.00";"0.01"
"Special purpose vehicles";"2007";"301";"0.00";"0.01"
"Special purpose vehicles";"2008";"309";"0.01";"0.01"
"Special purpose vehicles";"2009";"313";"0.01";"0.01"
"Special purpose vehicles";"2010";"306";"0.01";"0.00"
"Special purpose vehicles";"2011";"323";"0.01";"0.00"
"Special purpose vehicles";"2012";"308";"0.01";"0.00"
"Special purpose vehicles";"2013";"292";"0.01";"0.00"
"Special purpose vehicles";"2014";"279";"0.01";"0.00"
"Special purpose vehicles";"2015";"279";"0.01";"0.00"
"Special purpose vehicles";"2016";"296";"0.01";"0.00"
"Special purpose vehicles";"2017*";"300";"0.01";"0.00"
"Petrol, total";"1980";"11629";"0.26";"8.24"
"Petrol, total";"1985";"10618";"0.25";"7.13"
"Petrol, total";"1990";"10976";"0.20";"6.38"
"Petrol, total";"1991";"10935";"0.26";"5.29"
"Petrol, total";"1992";"11600";"0.36";"5.06"
"Petrol, total";"1993";"11698";"0.42";"4.65"
"Petrol, total";"1994";"12243";"0.49";"4.40"
"Petrol, total";"1995";"12174";"0.54";"4.21"
"Petrol, total";"1996";"12363";"0.56";"4.05"
"Petrol, total";"1997";"12500";"0.56";"3.83"
"Petrol, total";"1998";"12640";"0.55";"3.62"
"Petrol, total";"1999";"12900";"0.54";"3.41"
"Petrol, total";"2000";"12782";"0.56";"3.10"
"Petrol, total";"2001";"12802";"0.54";"2.98"
"Petrol, total";"2002";"12935";"0.53";"2.92"
"Petrol, total";"2003";"13055";"0.50";"2.85"
"Petrol, total";"2004";"13379";"0.49";"2.75"
"Petrol, total";"2005";"13168";"0.45";"2.65"
"Petrol, total";"2006";"12989";"0.41";"2.58"
"Petrol, total";"2007";"12901";"0.38";"2.62"
"Petrol, total";"2008";"12563";"0.36";"2.58"
"Petrol, total";"2009";"12553";"0.33";"2.51"
"Petrol, total";"2010";"12762";"0.30";"2.45"
"Petrol, total";"2011";"12882";"0.27";"2.38"
"Petrol, total";"2012";"12776";"0.23";"2.30"
"Petrol, total";"2013";"12762";"0.23";"2.27"
"Petrol, total";"2014";"12875";"0.20";"2.21"
"Petrol, total";"2015";"12781";"0.19";"2.17"
"Petrol, total";"2016";"13352";"0.17";"2.18"
"Petrol, total";"2017*";"13751";"0.18";"2.21"
"Passenger cars, petrol";"1980";"10748";"0.25";"6.83"
"Passenger cars, petrol";"1985";"9867";"0.24";"6.00"
"Passenger cars, petrol";"1990";"10196";"0.19";"4.72"
"Passenger cars, petrol";"1991";"10224";"0.26";"3.94"
"Passenger cars, petrol";"1992";"10875";"0.34";"3.72"
"Passenger cars, petrol";"1993";"10961";"0.40";"3.33"
"Passenger cars, petrol";"1994";"11521";"0.46";"3.10"
"Passenger cars, petrol";"1995";"11486";"0.51";"2.95"
"Passenger cars, petrol";"1996";"11686";"0.52";"2.81"
"Passenger cars, petrol";"1997";"11835";"0.53";"2.58"
"Passenger cars, petrol";"1998";"11990";"0.52";"2.39"
"Passenger cars, petrol";"1999";"12273";"0.51";"2.27"
"Passenger cars, petrol";"2000";"12203";"0.53";"2.05"
"Passenger cars, petrol";"2001";"12264";"0.52";"2.02"
"Passenger cars, petrol";"2002";"12409";"0.51";"2.02"
"Passenger cars, petrol";"2003";"12542";"0.49";"2.02"
"Passenger cars, petrol";"2004";"12877";"0.47";"2.02"
"Passenger cars, petrol";"2005";"12674";"0.43";"1.94"
"Passenger cars, petrol";"2006";"12503";"0.40";"1.90"
"Passenger cars, petrol";"2007";"12388";"0.37";"1.90"
"Passenger cars, petrol";"2008";"12036";"0.34";"1.89"
"Passenger cars, petrol";"2009";"12011";"0.31";"1.84"
"Passenger cars, petrol";"2010";"12211";"0.29";"1.80"
"Passenger cars, petrol";"2011";"12332";"0.26";"1.77"
"Passenger cars, petrol";"2012";"12233";"0.22";"1.71"
"Passenger cars, petrol";"2013";"12225";"0.22";"1.70"
"Passenger cars, petrol";"2014";"12343";"0.19";"1.66"
"Passenger cars, petrol";"2015";"12252";"0.18";"1.64"
"Passenger cars, petrol";"2016";"12817";"0.16";"1.67"
"Passenger cars, petrol";"2017*";"13222";"0.17";"1.70"
"Motorcycles (petrol)";"1980";"130";"0.00";"0.25"
"Motorcycles (petrol)";"1985";"104";"0.00";"0.19"
"Motorcycles (petrol)";"1990";"97";"0.00";"0.08"
"Motorcycles (petrol)";"1991";"114";"0.00";"0.09"
"Motorcycles (petrol)";"1992";"137";"0.00";"0.11"
"Motorcycles (petrol)";"1993";"156";"0.00";"0.12"
"Motorcycles (petrol)";"1994";"168";"0.00";"0.13"
"Motorcycles (petrol)";"1995";"178";"0.00";"0.14"
"Motorcycles (petrol)";"1996";"197";"0.00";"0.15"
"Motorcycles (petrol)";"1997";"206";"0.00";"0.16"
"Motorcycles (petrol)";"1998";"214";"0.00";"0.17"
"Motorcycles (petrol)";"1999";"224";"0.00";"0.17"
"Motorcycles (petrol)";"2000";"235";"0.00";"0.17"
"Motorcycles (petrol)";"2001";"245";"0.00";"0.17"
"Motorcycles (petrol)";"2002";"260";"0.00";"0.18"
"Motorcycles (petrol)";"2003";"269";"0.00";"0.19"
"Motorcycles (petrol)";"2004";"276";"0.00";"0.19"
"Motorcycles (petrol)";"2005";"281";"0.00";"0.20"
"Motorcycles (petrol)";"2006";"285";"0.00";"0.19"
"Motorcycles (petrol)";"2007";"290";"0.01";"0.19"
"Motorcycles (petrol)";"2008";"296";"0.01";"0.19"
"Motorcycles (petrol)";"2009";"301";"0.01";"0.19"
"Motorcycles (petrol)";"2010";"303";"0.01";"0.18"
"Motorcycles (petrol)";"2011";"303";"0.01";"0.18"
"Motorcycles (petrol)";"2012";"302";"0.01";"0.17"
"Motorcycles (petrol)";"2013";"297";"0.01";"0.17"
"Motorcycles (petrol)";"2014";"292";"0.00";"0.16"
"Motorcycles (petrol)";"2015";"287";"0.00";"0.16"
"Motorcycles (petrol)";"2016";"289";"0.00";"0.15"
"Motorcycles (petrol)";"2017*";"263";"0.00";"0.13"
"Mopeds (petrol)";"1980";"101";"0.00";"0.58"
"Mopeds (petrol)";"1985";"90";"0.00";"0.51"
"Mopeds (petrol)";"1990";"217";"0.00";"1.25"
"Mopeds (petrol)";"1991";"165";"0.00";"0.96"
"Mopeds (petrol)";"1992";"163";"0.00";"0.96"
"Mopeds (petrol)";"1993";"162";"0.00";"0.96"
"Mopeds (petrol)";"1994";"165";"0.00";"0.98"
"Mopeds (petrol)";"1995";"163";"0.00";"0.97"
"Mopeds (petrol)";"1996";"163";"0.00";"0.97"
"Mopeds (petrol)";"1997";"168";"0.00";"0.99"
"Mopeds (petrol)";"1998";"170";"0.00";"0.99"
"Mopeds (petrol)";"1999";"165";"0.00";"0.91"
"Mopeds (petrol)";"2000";"160";"0.00";"0.83"
"Mopeds (petrol)";"2001";"156";"0.00";"0.75"
"Mopeds (petrol)";"2002";"151";"0.00";"0.69"
"Mopeds (petrol)";"2003";"144";"0.00";"0.62"
"Mopeds (petrol)";"2004";"127";"0.00";"0.51"
"Mopeds (petrol)";"2005";"129";"0.00";"0.49"
"Mopeds (petrol)";"2006";"134";"0.00";"0.46"
"Mopeds (petrol)";"2007";"166";"0.00";"0.51"
"Mopeds (petrol)";"2008";"181";"0.00";"0.50"
"Mopeds (petrol)";"2009";"195";"0.00";"0.47"
"Mopeds (petrol)";"2010";"207";"0.00";"0.46"
"Mopeds (petrol)";"2011";"211";"0.00";"0.43"
"Mopeds (petrol)";"2012";"212";"0.00";"0.41"
"Mopeds (petrol)";"2013";"212";"0.00";"0.40"
"Mopeds (petrol)";"2014";"214";"0.00";"0.38"
"Mopeds (petrol)";"2015";"217";"0.00";"0.37"
"Mopeds (petrol)";"2016";"220";"0.00";"0.36"
"Mopeds (petrol)";"2017*";"240";"0.00";"0.37"
"Delivery vans, petrol";"1980";"587";"0.01";"0.56"
"Delivery vans, petrol";"1985";"491";"0.01";"0.40"
"Delivery vans, petrol";"1990";"450";"0.00";"0.33"
"Delivery vans, petrol";"1991";"421";"0.00";"0.30"
"Delivery vans, petrol";"1992";"414";"0.01";"0.27"
"Delivery vans, petrol";"1993";"408";"0.02";"0.24"
"Delivery vans, petrol";"1994";"378";"0.03";"0.19"
"Delivery vans, petrol";"1995";"339";"0.03";"0.15"
"Delivery vans, petrol";"1996";"309";"0.03";"0.12"
"Delivery vans, petrol";"1997";"285";"0.03";"0.09"
"Delivery vans, petrol";"1998";"262";"0.03";"0.07"
"Delivery vans, petrol";"1999";"235";"0.02";"0.06"
"Delivery vans, petrol";"2000";"184";"0.02";"0.05"
"Delivery vans, petrol";"2001";"139";"0.01";"0.04"
"Delivery vans, petrol";"2002";"117";"0.01";"0.04"
"Delivery vans, petrol";"2003";"102";"0.01";"0.03"
"Delivery vans, petrol";"2004";"102";"0.01";"0.03"
"Delivery vans, petrol";"2005";"88";"0.01";"0.02"
"Delivery vans, petrol";"2006";"72";"0.01";"0.02"
"Delivery vans, petrol";"2007";"62";"0.01";"0.01"
"Delivery vans, petrol";"2008";"55";"0.01";"0.01"
"Delivery vans, petrol";"2009";"53";"0.00";"0.01"
"Delivery vans, petrol";"2010";"49";"0.00";"0.01"
"Delivery vans, petrol";"2011";"43";"0.00";"0.01"
"Delivery vans, petrol";"2012";"36";"0.00";"0.00"
"Delivery vans, petrol";"2013";"35";"0.00";"0.00"
"Delivery vans, petrol";"2014";"34";"0.00";"0.00"
"Delivery vans, petrol";"2015";"31";"0.00";"0.00"
"Delivery vans, petrol";"2016";"33";"0.00";"0.00"
"Delivery vans, petrol";"2017*";"34";"0.00";"0.00"
"Lorries, petrol";"1980";"22";"0.00";"0.00"
"Lorries, petrol";"1985";"8";"0.00";"0.00"
"Lorries, petrol";"1990";"7";"0.00";"0.00"
"Lorries, petrol";"1991";"5";"0.00";"0.00"
"Lorries, petrol";"1992";"5";"0.00";"0.00"
"Lorries, petrol";"1993";"4";"0.00";"0.00"
"Lorries, petrol";"1994";"4";"0.00";"0.00"
"Lorries, petrol";"1995";"4";"0.00";"0.00"
"Lorries, petrol";"1996";"3";"0.00";"0.00"
"Lorries, petrol";"1997";"3";"0.00";"0.00"
"Lorries, petrol";"1998";"3";"0.00";"0.00"
"Lorries, petrol";"1999";"2";"0.00";"0.00"
"Lorries, petrol";"2000";"2";"0.00";"0.00"
"Lorries, petrol";"2001";"2";"0.00";"0.00"
"Lorries, petrol";"2002";"2";"0.00";"0.00"
"Lorries, petrol";"2003";"2";"0.00";"0.00"
"Lorries, petrol";"2004";"2";"0.00";"0.00"
"Lorries, petrol";"2005";"2";"0.00";"0.00"
"Lorries, petrol";"2006";"2";"0.00";"0.00"
"Lorries, petrol";"2007";"2";"0.00";"0.00"
"Lorries, petrol";"2008";"2";"0.00";"0.00"
"Lorries, petrol";"2009";"2";"0.00";"0.00"
"Lorries, petrol";"2010";"2";"0.00";"0.00"
"Lorries, petrol";"2011";"2";"0.00";"0.00"
"Lorries, petrol";"2012";"2";"0.00";"0.00"
"Lorries, petrol";"2013";"2";"0.00";"0.00"
"Lorries, petrol";"2014";"2";"0.00";"0.00"
"Lorries, petrol";"2015";"2";"0.00";"0.00"
"Lorries, petrol";"2016";"2";"0.00";"0.00"
"Lorries, petrol";"2017*";"2";"0.00";"0.00"
"Road tractors, petrol";"1980";"1";"0.00";"0.00"
"Road tractors, petrol";"1985";"0";"0.00";"0.00"
"Road tractors, petrol";"1990";"0";"0.00";"0.00"
"Road tractors, petrol";"1991";"0";"0.00";"0.00"
"Road tractors, petrol";"1992";"0";"0.00";"0.00"
"Road tractors, petrol";"1993";"0";"0.00";"0.00"
"Road tractors, petrol";"1994";"0";"0.00";"0.00"
"Road tractors, petrol";"1995";"0";"0.00";"0.00"
"Road tractors, petrol";"1996";"0";"0.00";"0.00"
"Road tractors, petrol";"1997";"0";"0.00";"0.00"
"Road tractors, petrol";"1998";"0";"0.00";"0.00"
"Road tractors, petrol";"1999";"0";"0.00";"0.00"
"Road tractors, petrol";"2000";"0";"0.00";"0.00"
"Road tractors, petrol";"2001";"0";"0.00";"0.00"
"Road tractors, petrol";"2002";"0";"0.00";"0.00"
"Road tractors, petrol";"2003";"0";"0.00";"0.00"
"Road tractors, petrol";"2004";"0";"0.00";"0.00"
"Road tractors, petrol";"2005";"0";"0.00";"0.00"
"Road tractors, petrol";"2006";"0";"0.00";"0.00"
"Road tractors, petrol";"2007";"0";"0.00";"0.00"
"Road tractors, petrol";"2008";"0";"0.00";"0.00"
"Road tractors, petrol";"2009";"0";"0.00";"0.00"
"Road tractors, petrol";"2010";"0";"0.00";"0.00"
"Road tractors, petrol";"2011";"0";"0.00";"0.00"
"Road tractors, petrol";"2012";"0";"0.00";"0.00"
"Road tractors, petrol";"2013";"0";"0.00";"0.00"
"Road tractors, petrol";"2014";"0";"0.00";"0.00"
"Road tractors, petrol";"2015";"0";"0.00";"0.00"
"Road tractors, petrol";"2016";"0";"0.00";"0.00"
"Road tractors, petrol";"2017*";"0";"0.00";"0.00"
"Buses and coaches, petrol";"1980";"3";"0.00";"0.00"
"Buses and coaches, petrol";"1985";"2";"0.00";"0.00"
"Buses and coaches, petrol";"1990";"0";"0.00";"0.00"
"Buses and coaches, petrol";"1991";"0";"0.00";"0.00"
"Buses and coaches, petrol";"1992";"0";"0.00";"0.00"
"Buses and coaches, petrol";"1993";"0";"0.00";"0.00"
"Buses and coaches, petrol";"1994";"0";"0.00";"0.00"
"Buses and coaches, petrol";"1995";"0";"0.00";"0.00"
"Buses and coaches, petrol";"1996";"0";"0.00";"0.00"
"Buses and coaches, petrol";"1997";"0";"0.00";"0.00"
"Buses and coaches, petrol";"1998";"0";"0.00";"0.00"
"Buses and coaches, petrol";"1999";"0";"0.00";"0.00"
"Buses and coaches, petrol";"2000";"0";"0.00";"0.00"
"Buses and coaches, petrol";"2001";"0";"0.00";"0.00"
"Buses and coaches, petrol";"2002";"0";"0.00";"0.00"
"Buses and coaches, petrol";"2003";"0";"0.00";"0.00"
"Buses and coaches, petrol";"2004";"0";"0.00";"0.00"
"Buses and coaches, petrol";"2005";"0";"0.00";"0.00"
"Buses and coaches, petrol";"2006";"0";"0.00";"0.00"
"Buses and coaches, petrol";"2007";"0";"0.00";"0.00"
"Buses and coaches, petrol";"2008";"0";"0.00";"0.00"
"Buses and coaches, petrol";"2009";"0";"0.00";"0.00"
"Buses and coaches, petrol";"2010";"0";"0.00";"0.00"
"Buses and coaches, petrol";"2011";"0";"0.00";"0.00"
"Buses and coaches, petrol";"2012";"0";"0.00";"0.00"
"Buses and coaches, petrol";"2013";"0";"0.00";"0.00"
"Buses and coaches, petrol";"2014";"0";"0.00";"0.00"
"Buses and coaches, petrol";"2015";"0";"0.00";"0.00"
"Buses and coaches, petrol";"2016";"0";"0.00";"0.00"
"Buses and coaches, petrol";"2017*";"0";"0.00";"0.00"
"Speciale voertuigen-petrol";"1980";"38";"0.00";"0.02"
"Speciale voertuigen-petrol";"1985";"56";"0.00";"0.03"
"Speciale voertuigen-petrol";"1990";"8";"0.00";"0.00"
"Speciale voertuigen-petrol";"1991";"7";"0.00";"0.00"
"Speciale voertuigen-petrol";"1992";"6";"0.00";"0.00"
"Speciale voertuigen-petrol";"1993";"6";"0.00";"0.00"
"Speciale voertuigen-petrol";"1994";"6";"0.00";"0.00"
"Speciale voertuigen-petrol";"1995";"5";"0.00";"0.00"
"Speciale voertuigen-petrol";"1996";"5";"0.00";"0.00"
"Speciale voertuigen-petrol";"1997";"5";"0.00";"0.00"
"Speciale voertuigen-petrol";"1998";"4";"0.00";"0.00"
"Speciale voertuigen-petrol";"1999";"4";"0.00";"0.00"
"Speciale voertuigen-petrol";"2000";"2";"0.00";"0.00"
"Speciale voertuigen-petrol";"2001";"2";"0.00";"0.00"
"Speciale voertuigen-petrol";"2002";"2";"0.00";"0.00"
"Speciale voertuigen-petrol";"2003";"2";"0.00";"0.00"
"Speciale voertuigen-petrol";"2004";"2";"0.00";"0.00"
"Speciale voertuigen-petrol";"2005";"2";"0.00";"0.00"
"Speciale voertuigen-petrol";"2006";"2";"0.00";"0.00"
"Speciale voertuigen-petrol";"2007";"2";"0.00";"0.00"
"Speciale voertuigen-petrol";"2008";"2";"0.00";"0.00"
"Speciale voertuigen-petrol";"2009";"2";"0.00";"0.00"
"Speciale voertuigen-petrol";"2010";"2";"0.00";"0.00"
"Speciale voertuigen-petrol";"2011";"2";"0.00";"0.00"
"Speciale voertuigen-petrol";"2012";"1";"0.00";"0.00"
"Speciale voertuigen-petrol";"2013";"2";"0.00";"0.00"
"Speciale voertuigen-petrol";"2014";"2";"0.00";"0.00"
"Speciale voertuigen-petrol";"2015";"1";"0.00";"0.00"
"Speciale voertuigen-petrol";"2016";"1";"0.00";"0.00"
"Speciale voertuigen-petrol";"2017*";"1";"0.00";"0.00"
"Diesel, total";"1980";"6825";"0.23";"1.34"
"Diesel, total";"1985";"8015";"0.27";"1.05"
"Diesel, total";"1990";"10499";"0.06";"0.79"
"Diesel, total";"1991";"10790";"0.08";"0.78"
"Diesel, total";"1992";"11346";"0.09";"0.75"
"Diesel, total";"1993";"11367";"0.10";"0.69"
"Diesel, total";"1994";"11371";"0.11";"0.64"
"Diesel, total";"1995";"11599";"0.12";"0.59"
"Diesel, total";"1996";"11705";"0.14";"0.53"
"Diesel, total";"1997";"12105";"0.16";"0.48"
"Diesel, total";"1998";"12703";"0.19";"0.43"
"Diesel, total";"1999";"13846";"0.23";"0.42"
"Diesel, total";"2000";"13962";"0.25";"0.38"
"Diesel, total";"2001";"14325";"0.26";"0.37"
"Diesel, total";"2002";"14655";"0.27";"0.35"
"Diesel, total";"2003";"15000";"0.28";"0.33"
"Diesel, total";"2004";"15436";"0.29";"0.32"
"Diesel, total";"2005";"15769";"0.30";"0.30"
"Diesel, total";"2006";"16004";"0.31";"0.28"
"Diesel, total";"2007";"16316";"0.34";"0.27"
"Diesel, total";"2008";"16588";"0.38";"0.25"
"Diesel, total";"2009";"16332";"0.42";"0.21"
"Diesel, total";"2010";"16364";"0.45";"0.19"
"Diesel, total";"2011";"16075";"0.48";"0.17"
"Diesel, total";"2012";"15803";"0.50";"0.15"
"Diesel, total";"2013";"15240";"0.51";"0.14"
"Diesel, total";"2014";"15062";"0.53";"0.12"
"Diesel, total";"2015";"15193";"0.55";"0.12"
"Diesel, total";"2016";"15796";"0.58";"0.12"
"Diesel, total";"2017*";"15999";"0.59";"0.11"
"Passenger cars, diesel";"1980";"935";"0.02";"0.08"
"Passenger cars, diesel";"1985";"1965";"0.05";"0.13"
"Passenger cars, diesel";"1990";"2949";"0.00";"0.13"
"Passenger cars, diesel";"1991";"2927";"0.00";"0.12"
"Passenger cars, diesel";"1992";"3017";"0.00";"0.11"
"Passenger cars, diesel";"1993";"2911";"0.01";"0.10"
"Passenger cars, diesel";"1994";"2950";"0.02";"0.10"
"Passenger cars, diesel";"1995";"2970";"0.03";"0.09"
"Passenger cars, diesel";"1996";"3055";"0.04";"0.08"
"Passenger cars, diesel";"1997";"3238";"0.05";"0.08"
"Passenger cars, diesel";"1998";"3524";"0.07";"0.07"
"Passenger cars, diesel";"1999";"3983";"0.09";"0.07"
"Passenger cars, diesel";"2000";"4163";"0.10";"0.07"
"Passenger cars, diesel";"2001";"4375";"0.11";"0.08"
"Passenger cars, diesel";"2002";"4641";"0.12";"0.08"
"Passenger cars, diesel";"2003";"4900";"0.13";"0.08"
"Passenger cars, diesel";"2004";"5158";"0.14";"0.08"
"Passenger cars, diesel";"2005";"5362";"0.14";"0.07"
"Passenger cars, diesel";"2006";"5604";"0.15";"0.07"
"Passenger cars, diesel";"2007";"5764";"0.16";"0.07"
"Passenger cars, diesel";"2008";"5800";"0.16";"0.07"
"Passenger cars, diesel";"2009";"5724";"0.16";"0.06"
"Passenger cars, diesel";"2010";"5724";"0.16";"0.05"
"Passenger cars, diesel";"2011";"5661";"0.16";"0.05"
"Passenger cars, diesel";"2012";"5648";"0.16";"0.05"
"Passenger cars, diesel";"2013";"5531";"0.16";"0.04"
"Passenger cars, diesel";"2014";"5414";"0.16";"0.04"
"Passenger cars, diesel";"2015";"5332";"0.16";"0.04"
"Passenger cars, diesel";"2016";"5446";"0.16";"0.03"
"Passenger cars, diesel";"2017*";"5398";"0.16";"0.03"
"Delivery vans, diesel";"1980";"517";"0.03";"0.10"
"Delivery vans, diesel";"1985";"794";"0.05";"0.11"
"Delivery vans, diesel";"1990";"1648";"0.00";"0.12"
"Delivery vans, diesel";"1991";"1735";"0.00";"0.12"
"Delivery vans, diesel";"1992";"1951";"0.00";"0.12"
"Delivery vans, diesel";"1993";"2177";"0.01";"0.12"
"Delivery vans, diesel";"1994";"2251";"0.01";"0.10"
"Delivery vans, diesel";"1995";"2304";"0.02";"0.09"
"Delivery vans, diesel";"1996";"2439";"0.02";"0.08"
"Delivery vans, diesel";"1997";"2671";"0.03";"0.08"
"Delivery vans, diesel";"1998";"2972";"0.04";"0.07"
"Delivery vans, diesel";"1999";"3329";"0.05";"0.07"
"Delivery vans, diesel";"2000";"3424";"0.06";"0.08"
"Delivery vans, diesel";"2001";"3738";"0.07";"0.09"
"Delivery vans, diesel";"2002";"3822";"0.07";"0.08"
"Delivery vans, diesel";"2003";"3949";"0.08";"0.08"
"Delivery vans, diesel";"2004";"4125";"0.08";"0.08"
"Delivery vans, diesel";"2005";"4197";"0.08";"0.08"
"Delivery vans, diesel";"2006";"4058";"0.08";"0.07"
"Delivery vans, diesel";"2007";"4100";"0.08";"0.07"
"Delivery vans, diesel";"2008";"4177";"0.08";"0.07"
"Delivery vans, diesel";"2009";"4063";"0.08";"0.06"
"Delivery vans, diesel";"2010";"4084";"0.08";"0.05"
"Delivery vans, diesel";"2011";"4011";"0.08";"0.05"
"Delivery vans, diesel";"2012";"3907";"0.08";"0.05"
"Delivery vans, diesel";"2013";"3819";"0.08";"0.04"
"Delivery vans, diesel";"2014";"3811";"0.08";"0.04"
"Delivery vans, diesel";"2015";"3885";"0.08";"0.04"
"Delivery vans, diesel";"2016";"4054";"0.08";"0.04"
"Delivery vans, diesel";"2017*";"4199";"0.09";"0.04"
"Lorries, diesel";"1980";"2930";"0.10";"0.61"
"Lorries, diesel";"1985";"2786";"0.10";"0.35"
"Lorries, diesel";"1990";"3013";"0.03";"0.21"
"Lorries, diesel";"1991";"3129";"0.04";"0.22"
"Lorries, diesel";"1992";"3195";"0.04";"0.22"
"Lorries, diesel";"1993";"3040";"0.04";"0.20"
"Lorries, diesel";"1994";"2992";"0.04";"0.19"
"Lorries, diesel";"1995";"3029";"0.04";"0.17"
"Lorries, diesel";"1996";"2867";"0.04";"0.15"
"Lorries, diesel";"1997";"2829";"0.04";"0.13"
"Lorries, diesel";"1998";"2738";"0.03";"0.11"
"Lorries, diesel";"1999";"2835";"0.04";"0.10"
"Lorries, diesel";"2000";"2655";"0.03";"0.09"
"Lorries, diesel";"2001";"2363";"0.03";"0.08"
"Lorries, diesel";"2002";"2220";"0.03";"0.07"
"Lorries, diesel";"2003";"2109";"0.03";"0.06"
"Lorries, diesel";"2004";"2040";"0.02";"0.05"
"Lorries, diesel";"2005";"1974";"0.02";"0.05"
"Lorries, diesel";"2006";"1938";"0.02";"0.05"
"Lorries, diesel";"2007";"1919";"0.03";"0.04"
"Lorries, diesel";"2008";"1893";"0.04";"0.04"
"Lorries, diesel";"2009";"1845";"0.04";"0.03"
"Lorries, diesel";"2010";"1784";"0.05";"0.03"
"Lorries, diesel";"2011";"1685";"0.06";"0.02"
"Lorries, diesel";"2012";"1613";"0.06";"0.02"
"Lorries, diesel";"2013";"1482";"0.06";"0.02"
"Lorries, diesel";"2014";"1437";"0.06";"0.01"
"Lorries, diesel";"2015";"1377";"0.06";"0.01"
"Lorries, diesel";"2016";"1470";"0.07";"0.01"
"Lorries, diesel";"2017*";"1471";"0.07";"0.01"
"Road tractors, diesel";"1980";"1520";"0.04";"0.29"
"Road tractors, diesel";"1985";"1660";"0.05";"0.26"
"Road tractors, diesel";"1990";"2045";"0.02";"0.11"
"Road tractors, diesel";"1991";"2156";"0.03";"0.11"
"Road tractors, diesel";"1992";"2338";"0.03";"0.12"
"Road tractors, diesel";"1993";"2398";"0.03";"0.11"
"Road tractors, diesel";"1994";"2336";"0.03";"0.10"
"Road tractors, diesel";"1995";"2453";"0.03";"0.09"
"Road tractors, diesel";"1996";"2495";"0.04";"0.08"
"Road tractors, diesel";"1997";"2535";"0.04";"0.07"
"Road tractors, diesel";"1998";"2636";"0.04";"0.07"
"Road tractors, diesel";"1999";"2865";"0.04";"0.07"
"Road tractors, diesel";"2000";"2903";"0.04";"0.06"
"Road tractors, diesel";"2001";"3035";"0.04";"0.06"
"Road tractors, diesel";"2002";"3146";"0.04";"0.06"
"Road tractors, diesel";"2003";"3231";"0.04";"0.06"
"Road tractors, diesel";"2004";"3313";"0.04";"0.06"
"Road tractors, diesel";"2005";"3425";"0.04";"0.06"
"Road tractors, diesel";"2006";"3590";"0.04";"0.06"
"Road tractors, diesel";"2007";"3700";"0.07";"0.06"
"Road tractors, diesel";"2008";"3866";"0.09";"0.05"
"Road tractors, diesel";"2009";"3829";"0.12";"0.04"
"Road tractors, diesel";"2010";"3922";"0.14";"0.04"
"Road tractors, diesel";"2011";"3859";"0.16";"0.03"
"Road tractors, diesel";"2012";"3812";"0.18";"0.03"
"Road tractors, diesel";"2013";"3616";"0.19";"0.02"
"Road tractors, diesel";"2014";"3642";"0.21";"0.02"
"Road tractors, diesel";"2015";"3842";"0.22";"0.02"
"Road tractors, diesel";"2016";"4053";"0.24";"0.02"
"Road tractors, diesel";"2017*";"4146";"0.25";"0.02"
"Buses and coaches, diesel";"1980";"517";"0.02";"0.15"
"Buses and coaches, diesel";"1985";"515";"0.02";"0.15"
"Buses and coaches, diesel";"1990";"601";"0.01";"0.21"
"Buses and coaches, diesel";"1991";"604";"0.01";"0.18"
"Buses and coaches, diesel";"1992";"600";"0.01";"0.17"
"Buses and coaches, diesel";"1993";"602";"0.01";"0.15"
"Buses and coaches, diesel";"1994";"605";"0.01";"0.14"
"Buses and coaches, diesel";"1995";"618";"0.01";"0.13"
"Buses and coaches, diesel";"1996";"617";"0.01";"0.12"
"Buses and coaches, diesel";"1997";"594";"0.01";"0.11"
"Buses and coaches, diesel";"1998";"586";"0.01";"0.10"
"Buses and coaches, diesel";"1999";"578";"0.01";"0.10"
"Buses and coaches, diesel";"2000";"578";"0.01";"0.07"
"Buses and coaches, diesel";"2001";"561";"0.01";"0.06"
"Buses and coaches, diesel";"2002";"571";"0.01";"0.05"
"Buses and coaches, diesel";"2003";"551";"0.01";"0.05"
"Buses and coaches, diesel";"2004";"533";"0.01";"0.04"
"Buses and coaches, diesel";"2005";"528";"0.01";"0.03"
"Buses and coaches, diesel";"2006";"514";"0.01";"0.02"
"Buses and coaches, diesel";"2007";"526";"0.01";"0.02"
"Buses and coaches, diesel";"2008";"536";"0.01";"0.02"
"Buses and coaches, diesel";"2009";"548";"0.01";"0.01"
"Buses and coaches, diesel";"2010";"536";"0.01";"0.01"
"Buses and coaches, diesel";"2011";"528";"0.01";"0.01"
"Buses and coaches, diesel";"2012";"505";"0.01";"0.01"
"Buses and coaches, diesel";"2013";"491";"0.02";"0.00"
"Buses and coaches, diesel";"2014";"471";"0.02";"0.00"
"Buses and coaches, diesel";"2015";"470";"0.02";"0.00"
"Buses and coaches, diesel";"2016";"468";"0.02";"0.00"
"Buses and coaches, diesel";"2017*";"477";"0.02";"0.00"
"Special purpose vehicles, diesel";"1980";"406";"0.01";"0.12"
"Special purpose vehicles, diesel";"1985";"294";"0.01";"0.06"
"Special purpose vehicles, diesel";"1990";"243";"0.00";"0.02"
"Special purpose vehicles, diesel";"1991";"239";"0.00";"0.02"
"Special purpose vehicles, diesel";"1992";"245";"0.00";"0.02"
"Special purpose vehicles, diesel";"1993";"239";"0.00";"0.01"
"Special purpose vehicles, diesel";"1994";"238";"0.00";"0.01"
"Special purpose vehicles, diesel";"1995";"225";"0.00";"0.01"
"Special purpose vehicles, diesel";"1996";"231";"0.00";"0.01"
"Special purpose vehicles, diesel";"1997";"237";"0.00";"0.01"
"Special purpose vehicles, diesel";"1998";"243";"0.00";"0.01"
"Special purpose vehicles, diesel";"1999";"251";"0.00";"0.01"
"Special purpose vehicles, diesel";"2000";"234";"0.00";"0.01"
"Special purpose vehicles, diesel";"2001";"247";"0.00";"0.01"
"Special purpose vehicles, diesel";"2002";"248";"0.00";"0.01"
"Special purpose vehicles, diesel";"2003";"253";"0.00";"0.01"
"Special purpose vehicles, diesel";"2004";"259";"0.00";"0.01"
"Special purpose vehicles, diesel";"2005";"274";"0.00";"0.01"
"Special purpose vehicles, diesel";"2006";"291";"0.00";"0.01"
"Special purpose vehicles, diesel";"2007";"299";"0.00";"0.01"
"Special purpose vehicles, diesel";"2008";"306";"0.00";"0.01"
"Special purpose vehicles, diesel";"2009";"311";"0.01";"0.01"
"Special purpose vehicles, diesel";"2010";"304";"0.01";"0.00"
"Special purpose vehicles, diesel";"2011";"321";"0.01";"0.00"
"Special purpose vehicles, diesel";"2012";"306";"0.01";"0.00"
"Special purpose vehicles, diesel";"2013";"290";"0.01";"0.00"
"Special purpose vehicles, diesel";"2014";"277";"0.01";"0.00"
"Special purpose vehicles, diesel";"2015";"277";"0.01";"0.00"
"Special purpose vehicles, diesel";"2016";"294";"0.01";"0.00"
"Special purpose vehicles, diesel";"2017*";"298";"0.01";"0.00"
"LPG, total";"1980";"1525";"0.04";"0.33"
"LPG, total";"1985";"2268";"0.06";"0.50"
"LPG, total";"1990";"2503";"0.05";"0.44"
"LPG, total";"1991";"2379";"0.07";"0.37"
"LPG, total";"1992";"2328";"0.08";"0.32"
"LPG, total";"1993";"2147";"0.09";"0.26"
"LPG, total";"1994";"1965";"0.10";"0.22"
"LPG, total";"1995";"1794";"0.10";"0.18"
"LPG, total";"1996";"1765";"0.09";"0.16"
"LPG, total";"1997";"1731";"0.09";"0.14"
"LPG, total";"1998";"1653";"0.07";"0.12"
"LPG, total";"1999";"1557";"0.06";"0.10"
"LPG, total";"2000";"1550";"0.07";"0.10"
"LPG, total";"2001";"1456";"0.06";"0.08"
"LPG, total";"2002";"1341";"0.05";"0.07"
"LPG, total";"2003";"1205";"0.04";"0.06"
"LPG, total";"2004";"1083";"0.03";"0.05"
"LPG, total";"2005";"973";"0.03";"0.04"
"LPG, total";"2006";"936";"0.02";"0.04"
"LPG, total";"2007";"898";"0.02";"0.04"
"LPG, total";"2008";"965";"0.02";"0.04"
"LPG, total";"2009";"868";"0.02";"0.04"
"LPG, total";"2010";"831";"0.01";"0.04"
"LPG, total";"2011";"778";"0.01";"0.04"
"LPG, total";"2012";"735";"0.01";"0.04"
"LPG, total";"2013";"704";"0.01";"0.03"
"LPG, total";"2014";"650";"0.01";"0.03"
"LPG, total";"2015";"590";"0.01";"0.03"
"LPG, total";"2016";"557";"0.01";"0.02"
"LPG, total";"2017*";"547";"0.01";"0.02"
"Passenger cars, LPG";"1980";"1451";"0.04";"0.31"
"Passenger cars, LPG";"1985";"2164";"0.06";"0.47"
"Passenger cars, LPG";"1990";"2402";"0.05";"0.41"
"Passenger cars, LPG";"1991";"2279";"0.07";"0.34"
"Passenger cars, LPG";"1992";"2228";"0.08";"0.29"
"Passenger cars, LPG";"1993";"2046";"0.09";"0.24"
"Passenger cars, LPG";"1994";"1873";"0.09";"0.20"
"Passenger cars, LPG";"1995";"1705";"0.09";"0.16"
"Passenger cars, LPG";"1996";"1676";"0.09";"0.15"
"Passenger cars, LPG";"1997";"1640";"0.08";"0.13"
"Passenger cars, LPG";"1998";"1561";"0.07";"0.11"
"Passenger cars, LPG";"1999";"1455";"0.06";"0.09"
"Passenger cars, LPG";"2000";"1454";"0.06";"0.09"
"Passenger cars, LPG";"2001";"1360";"0.05";"0.07"
"Passenger cars, LPG";"2002";"1252";"0.04";"0.06"
"Passenger cars, LPG";"2003";"1124";"0.04";"0.05"
"Passenger cars, LPG";"2004";"1007";"0.03";"0.04"
"Passenger cars, LPG";"2005";"906";"0.02";"0.04"
"Passenger cars, LPG";"2006";"873";"0.02";"0.04"
"Passenger cars, LPG";"2007";"835";"0.02";"0.03"
"Passenger cars, LPG";"2008";"900";"0.02";"0.03"
"Passenger cars, LPG";"2009";"802";"0.01";"0.03"
"Passenger cars, LPG";"2010";"746";"0.01";"0.03"
"Passenger cars, LPG";"2011";"688";"0.01";"0.03"
"Passenger cars, LPG";"2012";"642";"0.01";"0.03"
"Passenger cars, LPG";"2013";"598";"0.01";"0.03"
"Passenger cars, LPG";"2014";"544";"0.01";"0.02"
"Passenger cars, LPG";"2015";"485";"0.01";"0.02"
"Passenger cars, LPG";"2016";"451";"0.01";"0.02"
"Passenger cars, LPG";"2017*";"438";"0.01";"0.02"
"Delivery vans, LPG";"1980";"73";"0.00";"0.03"
"Delivery vans, LPG";"1985";"102";"0.00";"0.03"
"Delivery vans, LPG";"1990";"100";"0.00";"0.03"
"Delivery vans, LPG";"1991";"94";"0.00";"0.03"
"Delivery vans, LPG";"1992";"95";"0.00";"0.03"
"Delivery vans, LPG";"1993";"97";"0.00";"0.03"
"Delivery vans, LPG";"1994";"89";"0.00";"0.02"
"Delivery vans, LPG";"1995";"85";"0.00";"0.02"
"Delivery vans, LPG";"1996";"83";"0.00";"0.02"
"Delivery vans, LPG";"1997";"84";"0.00";"0.01"
"Delivery vans, LPG";"1998";"85";"0.00";"0.01"
"Delivery vans, LPG";"1999";"88";"0.00";"0.01"
"Delivery vans, LPG";"2000";"82";"0.00";"0.01"
"Delivery vans, LPG";"2001";"81";"0.00";"0.01"
"Delivery vans, LPG";"2002";"74";"0.00";"0.01"
"Delivery vans, LPG";"2003";"69";"0.00";"0.01"
"Delivery vans, LPG";"2004";"64";"0.00";"0.01"
"Delivery vans, LPG";"2005";"56";"0.00";"0.00"
"Delivery vans, LPG";"2006";"49";"0.00";"0.00"
"Delivery vans, LPG";"2007";"46";"0.00";"0.00"
"Delivery vans, LPG";"2008";"49";"0.00";"0.00"
"Delivery vans, LPG";"2009";"43";"0.00";"0.00"
"Delivery vans, LPG";"2010";"44";"0.00";"0.00"
"Delivery vans, LPG";"2011";"46";"0.00";"0.00"
"Delivery vans, LPG";"2012";"46";"0.00";"0.00"
"Delivery vans, LPG";"2013";"48";"0.00";"0.00"
"Delivery vans, LPG";"2014";"48";"0.00";"0.00"
"Delivery vans, LPG";"2015";"50";"0.00";"0.00"
"Delivery vans, LPG";"2016";"52";"0.00";"0.00"
"Delivery vans, LPG";"2017*";"57";"0.00";"0.00"
"Lorries, LPG";"1980";"1";"0.00";"0.00"
"Lorries, LPG";"1985";"1";"0.00";"0.00"
"Lorries, LPG";"1990";"0";"0.00";"0.00"
"Lorries, LPG";"1991";"0";"0.00";"0.00"
"Lorries, LPG";"1992";"0";"0.00";"0.00"
"Lorries, LPG";"1993";"0";"0.00";"0.00"
"Lorries, LPG";"1994";"0";"0.00";"0.00"
"Lorries, LPG";"1995";"0";"0.00";"0.00"
"Lorries, LPG";"1996";"0";"0.00";"0.00"
"Lorries, LPG";"1997";"0";"0.00";"0.00"
"Lorries, LPG";"1998";"0";"0.00";"0.00"
"Lorries, LPG";"1999";"0";"0.00";"0.00"
"Lorries, LPG";"2000";"0";"0.00";"0.00"
"Lorries, LPG";"2001";"0";"0.00";"0.00"
"Lorries, LPG";"2002";"0";"0.00";"0.00"
"Lorries, LPG";"2003";"0";"0.00";"0.00"
"Lorries, LPG";"2004";"0";"0.00";"0.00"
"Lorries, LPG";"2005";"0";"0.00";"0.00"
"Lorries, LPG";"2006";"0";"0.00";"0.00"
"Lorries, LPG";"2007";"0";"0.00";"0.00"
"Lorries, LPG";"2008";"0";"0.00";"0.00"
"Lorries, LPG";"2009";"1";"0.00";"0.00"
"Lorries, LPG";"2010";"1";"0.00";"0.00"
"Lorries, LPG";"2011";"1";"0.00";"0.00"
"Lorries, LPG";"2012";"1";"0.00";"0.00"
"Lorries, LPG";"2013";"1";"0.00";"0.00"
"Lorries, LPG";"2014";"1";"0.00";"0.00"
"Lorries, LPG";"2015";"1";"0.00";"0.00"
"Lorries, LPG";"2016";"1";"0.00";"0.00"
"Lorries, LPG";"2017*";"1";"0.00";"0.00"
"Road tractors, LPG";"1980";"0";"0.00";"0.00"
"Road tractors, LPG";"1985";"0";"0.00";"0.00"
"Road tractors, LPG";"1990";"0";"0.00";"0.00"
"Road tractors, LPG";"1991";"0";"0.00";"0.00"
"Road tractors, LPG";"1992";"0";"0.00";"0.00"
"Road tractors, LPG";"1993";"0";"0.00";"0.00"
"Road tractors, LPG";"1994";"0";"0.00";"0.00"
"Road tractors, LPG";"1995";"0";"0.00";"0.00"
"Road tractors, LPG";"1996";"0";"0.00";"0.00"
"Road tractors, LPG";"1997";"0";"0.00";"0.00"
"Road tractors, LPG";"1998";"0";"0.00";"0.00"
"Road tractors, LPG";"1999";"0";"0.00";"0.00"
"Road tractors, LPG";"2000";"0";"0.00";"0.00"
"Road tractors, LPG";"2001";"0";"0.00";"0.00"
"Road tractors, LPG";"2002";"0";"0.00";"0.00"
"Road tractors, LPG";"2003";"0";"0.00";"0.00"
"Road tractors, LPG";"2004";"0";"0.00";"0.00"
"Road tractors, LPG";"2005";"0";"0.00";"0.00"
"Road tractors, LPG";"2006";"0";"0.00";"0.00"
"Road tractors, LPG";"2007";"0";"0.00";"0.00"
"Road tractors, LPG";"2008";"0";"0.00";"0.00"
"Road tractors, LPG";"2009";"0";"0.00";"0.00"
"Road tractors, LPG";"2010";"0";"0.00";"0.00"
"Road tractors, LPG";"2011";"0";"0.00";"0.00"
"Road tractors, LPG";"2012";"0";"0.00";"0.00"
"Road tractors, LPG";"2013";"0";"0.00";"0.00"
"Road tractors, LPG";"2014";"0";"0.00";"0.00"
"Road tractors, LPG";"2015";"0";"0.00";"0.00"
"Road tractors, LPG";"2016";"1";"0.00";"0.00"
"Road tractors, LPG";"2017*";"1";"0.00";"0.00"
"Buses and coaches, LPG";"1980";"0";"0.00";"0.00"
"Buses and coaches, LPG";"1985";"0";"0.00";"0.00"
"Buses and coaches, LPG";"1990";"1";"0.00";"0.00"
"Buses and coaches, LPG";"1991";"5";"0.00";"0.00"
"Buses and coaches, LPG";"1992";"5";"0.00";"0.00"
"Buses and coaches, LPG";"1993";"5";"0.00";"0.00"
"Buses and coaches, LPG";"1994";"2";"0.00";"0.00"
"Buses and coaches, LPG";"1995";"4";"0.00";"0.00"
"Buses and coaches, LPG";"1996";"6";"0.00";"0.00"
"Buses and coaches, LPG";"1997";"6";"0.00";"0.00"
"Buses and coaches, LPG";"1998";"6";"0.00";"0.00"
"Buses and coaches, LPG";"1999";"13";"0.00";"0.00"
"Buses and coaches, LPG";"2000";"13";"0.00";"0.00"
"Buses and coaches, LPG";"2001";"15";"0.00";"0.00"
"Buses and coaches, LPG";"2002";"13";"0.00";"0.00"
"Buses and coaches, LPG";"2003";"12";"0.00";"0.00"
"Buses and coaches, LPG";"2004";"10";"0.00";"0.00"
"Buses and coaches, LPG";"2005";"10";"0.00";"0.00"
"Buses and coaches, LPG";"2006";"13";"0.00";"0.00"
"Buses and coaches, LPG";"2007";"16";"0.00";"0.00"
"Buses and coaches, LPG";"2008";"15";"0.00";"0.00"
"Buses and coaches, LPG";"2009";"21";"0.00";"0.00"
"Buses and coaches, LPG";"2010";"40";"0.00";"0.00"
"Buses and coaches, LPG";"2011";"43";"0.00";"0.00"
"Buses and coaches, LPG";"2012";"46";"0.00";"0.00"
"Buses and coaches, LPG";"2013";"57";"0.00";"0.00"
"Buses and coaches, LPG";"2014";"56";"0.00";"0.00"
"Buses and coaches, LPG";"2015";"54";"0.00";"0.00"
"Buses and coaches, LPG";"2016";"52";"0.00";"0.00"
"Buses and coaches, LPG";"2017*";"50";"0.00";"0.00"
"Special purpose vehicles, LPG";"1980";"1";"0.00";"0.00"
"Special purpose vehicles, LPG";"1985";"0";"0.00";"0.00"
"Special purpose vehicles, LPG";"1990";"0";"0.00";"0.00"
"Special purpose vehicles, LPG";"1991";"0";"0.00";"0.00"
"Special purpose vehicles, LPG";"1992";"0";"0.00";"0.00"
"Special purpose vehicles, LPG";"1993";"0";"0.00";"0.00"
"Special purpose vehicles, LPG";"1994";"0";"0.00";"0.00"
"Special purpose vehicles, LPG";"1995";"0";"0.00";"0.00"
"Special purpose vehicles, LPG";"1996";"0";"0.00";"0.00"
"Special purpose vehicles, LPG";"1997";"0";"0.00";"0.00"
"Special purpose vehicles, LPG";"1998";"0";"0.00";"0.00"
"Special purpose vehicles, LPG";"1999";"0";"0.00";"0.00"
"Special purpose vehicles, LPG";"2000";"0";"0.00";"0.00"
"Special purpose vehicles, LPG";"2001";"0";"0.00";"0.00"
"Special purpose vehicles, LPG";"2002";"0";"0.00";"0.00"
"Special purpose vehicles, LPG";"2003";"0";"0.00";"0.00"
"Special purpose vehicles, LPG";"2004";"0";"0.00";"0.00"
"Special purpose vehicles, LPG";"2005";"0";"0.00";"0.00"
"Special purpose vehicles, LPG";"2006";"1";"0.00";"0.00"
"Special purpose vehicles, LPG";"2007";"1";"0.00";"0.00"
"Special purpose vehicles, LPG";"2008";"1";"0.00";"0.00"
"Special purpose vehicles, LPG";"2009";"1";"0.00";"0.00"
"Special purpose vehicles, LPG";"2010";"1";"0.00";"0.00"
"Special purpose vehicles, LPG";"2011";"1";"0.00";"0.00"
"Special purpose vehicles, LPG";"2012";"1";"0.00";"0.00"
"Special purpose vehicles, LPG";"2013";"1";"0.00";"0.00"
"Special purpose vehicles, LPG";"2014";"1";"0.00";"0.00"
"Special purpose vehicles, LPG";"2015";"0";"0.00";"0.00"
"Special purpose vehicles, LPG";"2016";"0";"0.00";"0.00"
"Special purpose vehicles, LPG";"2017*";"0";"0.00";"0.00"
"© Statistics Netherlands, Den Haag/Heerlen 19-9-2018"
